<?xml version="1.0" encoding="UTF-8"?>
<addon
  id="inputstream.adaptive"
  version="2.0.10"
  name="InputStream Adaptive"
  provider-name="peak3d">
  <requires>
<import addon="kodi.binary.global.main" version="1.0.10"/>
<import addon="kodi.binary.global.general" version="1.0.2"/>
<import addon="kodi.binary.global.filesystem" version="1.0.0"/>
<import addon="kodi.binary.instance.inputstream" version="2.0.4"/>
<import addon="kodi.binary.instance.videocodec" version="1.0.1"/></requires>
  <extension
    point="kodi.inputstream"
    name="adaptive"
    extension=""
    tags="true"
    listitemprops="license_type|license_key|license_data|manifest_type|server_certificate|stream_headers"
    library_ios="inputstream.adaptive.2.0.10.dylib"/>
  <extension point="xbmc.addon.metadata">
    <summary lang="en">InputStream client for adaptive streams</summary>
    <description lang="en">InputStream client for adaptive streams</description>
    <platform>ios</platform>
  </extension>
</addon>
